<?xml version="1.0"?>
<!--  Minified by Satya Mallick (http://www.learnopencv.com) -->
<opencv_storage><haarcascade_pltzzz64x16_16STG type_id="opencv-haar-classifier"><size>64 16</size><stages><_><trees><_><_><feature><rects><_>32 2 8 6 -1.</_><_>32 4 8 2 3.</_></rects><tilted>0</tilted></feature><threshold>1.6916E-02</threshold><left_val>-9.5548E-01</left_val><right_val>8.9129E-01</right_val></_></_><_><_><feature><rects><_>0 4 6 10 -1.</_><_>3 4 3 10 2.</_></rects><tilted>0</tilted></feature><threshold>2.4228E-02</threshold><left_val>-9.2089E-01</left_val><right_val>8.8724E-01</right_val></_></_><_><_><feature><rects><_>55 0 8 6 -1.</_><_>55 0 4 3 2.</_><_>59 3 4 3 2.</_></rects><tilted>0</tilted></feature><threshold>-1.0169E-02</threshold><left_val>8.8940E-01</left_val><right_val>-7.7847E-01</right_val></_></_><_><_><feature><rects><_>44 7 4 9 -1.</_><_>44 10 4 3 3.</_></rects><tilted>0</tilted></feature><threshold>2.0863E-03</threshold><left_val>-8.7998E-01</left_val><right_val>5.8652E-01</right_val></_></_></trees><stage_threshold>-2.0683E+00</stage_threshold><parent>-1</parent><next>-1</next></_><_><trees><_><_><feature><rects><_>29 1 16 4 -1.</_><_>29 3 16 2 2.</_></rects><tilted>0</tilted></feature><threshold>2.9062E-02</threshold><left_val>-8.7765E-01</left_val><right_val>8.5373E-01</right_val></_></_><_><_><feature><rects><_>0 5 9 8 -1.</_><_>3 5 3 8 3.</_></rects><tilted>0</tilted></feature><threshold>2.3903E-02</threshold><left_val>-9.2079E-01</left_val><right_val>7.5155E-01</right_val></_></_><_><_><feature><rects><_>44 0 20 14 -1.</_><_>44 0 10 7 2.</_><_>54 7 10 7 2.</_></rects><tilted>0</tilted></feature><threshold>-3.5405E-02</threshold><left_val>6.7835E-01</left_val><right_val>-9.0937E-01</right_val></_></_><_><_><feature><rects><_>41 7 6 9 -1.</_><_>43 7 2 9 3.</_></rects><tilted>0</tilted></feature><threshold>6.2989E-03</threshold><left_val>-8.1054E-01</left_val><right_val>5.8985E-01</right_val></_></_><_><_><feature><rects><_>0 4 21 4 -1.</_><_>7 4 7 4 3.</_></rects><tilted>0</tilted></feature><threshold>3.4959E-03</threshold><left_val>-9.7632E-01</left_val><right_val>4.5473E-01</right_val></_></_></trees><stage_threshold>-1.6632E+00</stage_threshold><parent>0</parent><next>-1</next></_><_><trees><_><_><feature><rects><_>31 2 11 6 -1.</_><_>31 4 11 2 3.</_></rects><tilted>0</tilted></feature><threshold>2.3864E-02</threshold><left_val>-9.3137E-01</left_val><right_val>8.2479E-01</right_val></_></_><_><_><feature><rects><_>56 3 6 11 -1.</_><_>59 3 3 11 2.</_></rects><tilted>0</tilted></feature><threshold>-2.5775E-02</threshold><left_val>8.5526E-01</left_val><right_val>-8.7575E-01</right_val></_></_><_><_><feature><rects><_>32 14 32 2 -1.</_><_>32 15 32 1 2.</_></rects><tilted>0</tilted></feature><threshold>-1.0646E-02</threshold><left_val>8.5167E-01</left_val><right_val>-6.7789E-01</right_val></_></_><_><_><feature><rects><_>0 2 8 14 -1.</_><_>4 2 4 14 2.</_></rects><tilted>0</tilted></feature><threshold>2.7001E-02</threshold><left_val>-8.0041E-01</left_val><right_val>6.4893E-01</right_val></_></_><_><_><feature><rects><_>19 0 22 6 -1.</_><_>19 0 11 3 2.</_><_>30 3 11 3 2.</_></rects><tilted>0</tilted></feature><threshold>5.2990E-03</threshold><left_val>-9.5343E-01</left_val><right_val>5.0140E-01</right_val></_></_></trees><stage_threshold>-1.3347E+00</stage_threshold><parent>1</parent><next>-1</next></_><_><trees><_><_><feature><rects><_>56 0 6 6 -1.</_><_>56 0 3 3 2.</_><_>59 3 3 3 2.</_></rects><tilted>0</tilted></feature><threshold>-6.9234E-03</threshold><left_val>8.2654E-01</left_val><right_val>-8.5396E-01</right_val></_></_><_><_><feature><rects><_>32 0 14 12 -1.</_><_>32 0 7 6 2.</_><_>39 6 7 6 2.</_></rects><tilted>0</tilted></feature><threshold>1.2539E-01</threshold><left_val>-1.2996E-02</left_val><right_val>-3.2377E+03</right_val></_></_><_><_><feature><rects><_>2 1 43 4 -1.</_><_>2 3 43 2 2.</_></rects><tilted>0</tilted></feature><threshold>6.3475E-02</threshold><left_val>-6.4648E-01</left_val><right_val>8.2302E-01</right_val></_></_><_><_><feature><rects><_>34 10 30 5 -1.</_><_>44 10 10 5 3.</_></rects><tilted>0</tilted></feature><threshold>4.2217E-02</threshold><left_val>-7.5191E-01</left_val><right_val>6.3705E-01</right_val></_></_><_><_><feature><rects><_>0 9 9 5 -1.</_><_>3 9 3 5 3.</_></rects><tilted>0</tilted></feature><threshold>2.0001E-02</threshold><left_val>-6.2077E-01</left_val><right_val>6.1318E-01</right_val></_></_></trees><stage_threshold>-1.6522E+00</stage_threshold><parent>2</parent><next>-1</next></_><_><trees><_><_><feature><rects><_>2 1 43 6 -1.</_><_>2 3 43 2 3.</_></rects><tilted>0</tilted></feature><threshold>9.2297E-02</threshold><left_val>-7.2764E-01</left_val><right_val>8.0555E-01</right_val></_></_><_><_><feature><rects><_>53 4 9 8 -1.</_><_>56 4 3 8 3.</_></rects><tilted>0</tilted></feature><threshold>2.7614E-02</threshold><left_val>-7.0769E-01</left_val><right_val>7.3316E-01</right_val></_></_><_><_><feature><rects><_>36 4 14 8 -1.</_><_>36 4 7 4 2.</_><_>43 8 7 4 2.</_></rects><tilted>0</tilted></feature><threshold>1.2465E-02</threshold><left_val>-8.4359E-01</left_val><right_val>5.7046E-01</right_val></_></_><_><_><feature><rects><_>14 14 49 2 -1.</_><_>14 15 49 1 2.</_></rects><tilted>0</tilted></feature><threshold>-2.3887E-02</threshold><left_val>8.2657E-01</left_val><right_val>-5.2783E-01</right_val></_></_></trees><stage_threshold>-1.4524E+00</stage_threshold><parent>3</parent><next>-1</next></_><_><trees><_><_><feature><rects><_>0 5 4 9 -1.</_><_>2 5 2 9 2.</_></rects><tilted>0</tilted></feature><threshold>1.8821E-02</threshold><left_val>-8.1123E-01</left_val><right_val>6.9127E-01</right_val></_></_><_><_><feature><rects><_>21 1 38 4 -1.</_><_>21 3 38 2 2.</_></rects><tilted>0</tilted></feature><threshold>6.1703E-02</threshold><left_val>-7.6483E-01</left_val><right_val>6.4212E-01</right_val></_></_><_><_><feature><rects><_>44 12 18 3 -1.</_><_>53 12 9 3 2.</_></rects><tilted>0</tilted></feature><threshold>-1.6299E-02</threshold><left_val>5.0208E-01</left_val><right_val>-8.4020E-01</right_val></_></_><_><_><feature><rects><_>10 4 9 3 -1.</_><_>13 4 3 3 3.</_></rects><tilted>0</tilted></feature><threshold>-4.9459E-03</threshold><left_val>6.1992E-01</left_val><right_val>-6.1634E-01</right_val></_></_><_><_><feature><rects><_>40 4 10 4 -1.</_><_>45 4 5 4 2.</_></rects><tilted>0</tilted></feature><threshold>-5.1895E-03</threshold><left_val>4.4975E-01</left_val><right_val>-8.0652E-01</right_val></_></_><_><_><feature><rects><_>17 14 47 2 -1.</_><_>17 15 47 1 2.</_></rects><tilted>0</tilted></feature><threshold>-1.8824E-02</threshold><left_val>6.1993E-01</left_val><right_val>-5.5643E-01</right_val></_></_><_><_><feature><rects><_>8 5 4 7 -1.</_><_>10 5 2 7 2.</_></rects><tilted>0</tilted></feature><threshold>5.6572E-03</threshold><left_val>-4.8347E-01</left_val><right_val>6.8647E-01</right_val></_></_></trees><stage_threshold>-2.2358E+00</stage_threshold><parent>4</parent><next>-1</next></_><_><trees><_><_><feature><rects><_>56 0 6 6 -1.</_><_>56 0 3 3 2.</_><_>59 3 3 3 2.</_></rects><tilted>0</tilted></feature><threshold>-9.1503E-03</threshold><left_val>6.8174E-01</left_val><right_val>-7.7866E-01</right_val></_></_><_><_><feature><rects><_>0 0 6 6 -1.</_><_>0 0 3 3 2.</_><_>3 3 3 3 2.</_></rects><tilted>0</tilted></feature><threshold>7.4933E-03</threshold><left_val>-6.8696E-01</left_val><right_val>6.6914E-01</right_val></_></_><_><_><feature><rects><_>13 4 48 2 -1.</_><_>29 4 16 2 3.</_></rects><tilted>0</tilted></feature><threshold>4.5296E-02</threshold><left_val>-7.3577E-01</left_val><right_val>5.9453E-01</right_val></_></_><_><_><feature><rects><_>42 1 6 15 -1.</_><_>42 6 6 5 3.</_></rects><tilted>0</tilted></feature><threshold>1.1670E-02</threshold><left_val>-8.4734E-01</left_val><right_val>4.5461E-01</right_val></_></_><_><_><feature><rects><_>30 8 3 5 -1.</_><_>31 8 1 5 3.</_></rects><tilted>0</tilted></feature><threshold>2.5769E-03</threshold><left_val>-5.8270E-01</left_val><right_val>7.7901E-01</right_val></_></_><_><_><feature><rects><_>55 10 8 6 -1.</_><_>55 13 8 3 2.</_></rects><tilted>0</tilted></feature><threshold>-1.4139E-03</threshold><left_val>4.5127E-01</left_val><right_val>-9.0696E-01</right_val></_></_></trees><stage_threshold>-1.8782E+00</stage_threshold><parent>5</parent><next>-1</next></_><_><trees><_><_><feature><rects><_>4 6 4 7 -1.</_><_>6 6 2 7 2.</_></rects><tilted>0</tilted></feature><threshold>-5.3150E-03</threshold><left_val>6.5219E-01</left_val><right_val>-7.9464E-01</right_val></_></_><_><_><feature><rects><_>56 3 6 8 -1.</_><_>59 3 3 8 2.</_></rects><tilted>0</tilted></feature><threshold>-2.2907E-02</threshold><left_val>6.6433E-01</left_val><right_val>-7.3633E-01</right_val></_></_><_><_><feature><rects><_>37 2 4 6 -1.</_><_>37 4 4 2 3.</_></rects><tilted>0</tilted></feature><threshold>9.4888E-03</threshold><left_val>-8.2612E-01</left_val><right_val>4.9334E-01</right_val></_></_><_><_><feature><rects><_>0 10 30 6 -1.</_><_>0 12 30 2 3.</_></rects><tilted>0</tilted></feature><threshold>4.5138E-02</threshold><left_val>-5.4704E-01</left_val><right_val>7.6928E-01</right_val></_></_><_><_><feature><rects><_>0 4 21 12 -1.</_><_>7 4 7 12 3.</_></rects><tilted>0</tilted></feature><threshold>2.5049E-02</threshold><left_val>-8.6740E-01</left_val><right_val>5.2808E-01</right_val></_></_></trees><stage_threshold>-1.0597E+00</stage_threshold><parent>6</parent><next>-1</next></_><_><trees><_><_><feature><rects><_>44 0 1 14 -1.</_><_>44 7 1 7 2.</_></rects><tilted>0</tilted></feature><threshold>6.6414E-03</threshold><left_val>-7.7290E-01</left_val><right_val>6.9724E-01</right_val></_></_><_><_><feature><rects><_>54 3 4 3 -1.</_><_>56 3 2 3 2.</_></rects><tilted>0</tilted></feature><threshold>2.4704E-03</threshold><left_val>-7.4290E-01</left_val><right_val>6.6826E-01</right_val></_></_><_><_><feature><rects><_>32 0 30 6 -1.</_><_>32 0 15 3 2.</_><_>47 3 15 3 2.</_></rects><tilted>0</tilted></feature><threshold>-2.2910E-02</threshold><left_val>4.3986E-01</left_val><right_val>-9.0589E-01</right_val></_></_><_><_><feature><rects><_>0 8 9 7 -1.</_><_>3 8 3 7 3.</_></rects><tilted>0</tilted></feature><threshold>3.4193E-02</threshold><left_val>-6.9507E-01</left_val><right_val>6.2501E-01</right_val></_></_><_><_><feature><rects><_>30 10 3 3 -1.</_><_>31 10 1 3 3.</_></rects><tilted>0</tilted></feature><threshold>1.5060E-03</threshold><left_val>-6.8671E-01</left_val><right_val>8.2242E-01</right_val></_></_><_><_><feature><rects><_>21 3 24 4 -1.</_><_>29 3 8 4 3.</_></rects><tilted>0</tilted></feature><threshold>1.9838E-05</threshold><left_val>-9.2728E-01</left_val><right_val>6.4724E-01</right_val></_></_><_><_><feature><rects><_>42 3 12 6 -1.</_><_>46 3 4 6 3.</_></rects><tilted>0</tilted></feature><threshold>-2.2170E-05</threshold><left_val>5.6556E-01</left_val><right_val>-9.6788E-01</right_val></_></_></trees><stage_threshold>-1.4994E+00</stage_threshold><parent>7</parent><next>-1</next></_><_><trees><_><_><feature><rects><_>56 9 6 6 -1.</_><_>59 9 3 6 2.</_></rects><tilted>0</tilted></feature><threshold>-1.1395E-02</threshold><left_val>7.1384E-01</left_val><right_val>-8.7430E-01</right_val></_></_><_><_><feature><rects><_>6 4 1 6 -1.</_><_>6 7 1 3 2.</_></rects><tilted>0</tilted></feature><threshold>-2.1865E-03</threshold><left_val>8.5312E-01</left_val><right_val>-6.4778E-01</right_val></_></_><_><_><feature><rects><_>0 0 12 4 -1.</_><_>0 0 6 2 2.</_><_>6 2 6 2 2.</_></rects><tilted>0</tilted></feature><threshold>2.3194E-03</threshold><left_val>-7.6412E-01</left_val><right_val>7.1868E-01</right_val></_></_><_><_><feature><rects><_>43 12 18 2 -1.</_><_>52 12 9 2 2.</_></rects><tilted>0</tilted></feature><threshold>-7.9916E-03</threshold><left_val>6.6443E-01</left_val><right_val>-7.9541E-01</right_val></_></_><_><_><feature><rects><_>9 5 2 8 -1.</_><_>10 5 1 8 2.</_></rects><tilted>0</tilted></feature><threshold>1.4213E-03</threshold><left_val>-6.3904E-01</left_val><right_val>7.5051E-01</right_val></_></_></trees><stage_threshold>-8.4830E-01</stage_threshold><parent>8</parent><next>-1</next></_><_><trees><_><_><feature><rects><_>1 9 6 3 -1.</_><_>3 9 2 3 3.</_></rects><tilted>0</tilted></feature><threshold>6.4092E-03</threshold><left_val>-8.8425E-01</left_val><right_val>9.9954E-01</right_val></_></_><_><_><feature><rects><_>56 8 2 8 -1.</_><_>56 12 2 4 2.</_></rects><tilted>0</tilted></feature><threshold>-6.3316E-04</threshold><left_val>8.3822E-01</left_val><right_val>-9.8322E-01</right_val></_></_><_><_><feature><rects><_>24 2 6 13 -1.</_><_>26 2 2 13 3.</_></rects><tilted>0</tilted></feature><threshold>-6.4947E-05</threshold><left_val>1.</left_val><right_val>-9.1823E-01</right_val></_></_><_><_><feature><rects><_>33 7 24 4 -1.</_><_>41 7 8 4 3.</_></rects><tilted>0</tilted></feature><threshold>5.3404E-03</threshold><left_val>-9.4317E-01</left_val><right_val>9.0425E-01</right_val></_></_></trees><stage_threshold>-6.0007E-02</stage_threshold><parent>9</parent><next>-1</next></_><_><trees><_><_><feature><rects><_>1 1 57 4 -1.</_><_>1 3 57 2 2.</_></rects><tilted>0</tilted></feature><threshold>1.0755E-01</threshold><left_val>-7.1647E-01</left_val><right_val>8.7827E-01</right_val></_></_><_><_><feature><rects><_>0 2 6 14 -1.</_><_>3 2 3 14 2.</_></rects><tilted>0</tilted></feature><threshold>3.1669E-02</threshold><left_val>-8.7051E-01</left_val><right_val>5.8807E-01</right_val></_></_><_><_><feature><rects><_>52 3 6 10 -1.</_><_>54 3 2 10 3.</_></rects><tilted>0</tilted></feature><threshold>-1.0572E-02</threshold><left_val>6.2438E-01</left_val><right_val>-7.4027E-01</right_val></_></_><_><_><feature><rects><_>1 14 61 2 -1.</_><_>1 15 61 1 2.</_></rects><tilted>0</tilted></feature><threshold>-2.7396E-02</threshold><left_val>8.9777E-01</left_val><right_val>-5.2987E-01</right_val></_></_><_><_><feature><rects><_>28 0 11 12 -1.</_><_>28 4 11 4 3.</_></rects><tilted>0</tilted></feature><threshold>2.5919E-02</threshold><left_val>-8.6483E-01</left_val><right_val>5.3122E-01</right_val></_></_></trees><stage_threshold>-9.6125E-01</stage_threshold><parent>10</parent><next>-1</next></_><_><trees><_><_><feature><rects><_>22 1 41 4 -1.</_><_>22 3 41 2 2.</_></rects><tilted>0</tilted></feature><threshold>7.1039E-02</threshold><left_val>-7.5720E-01</left_val><right_val>7.5646E-01</right_val></_></_><_><_><feature><rects><_>41 6 6 8 -1.</_><_>43 6 2 8 3.</_></rects><tilted>0</tilted></feature><threshold>7.6241E-03</threshold><left_val>-7.9784E-01</left_val><right_val>7.1733E-01</right_val></_></_><_><_><feature><rects><_>50 9 14 5 -1.</_><_>57 9 7 5 2.</_></rects><tilted>0</tilted></feature><threshold>-2.7093E-02</threshold><left_val>6.0071E-01</left_val><right_val>-8.4794E-01</right_val></_></_><_><_><feature><rects><_>4 1 12 5 -1.</_><_>10 1 6 5 2.</_></rects><tilted>0</tilted></feature><threshold>-8.1268E-04</threshold><left_val>5.9364E-01</left_val><right_val>-8.9295E-01</right_val></_></_><_><_><feature><rects><_>37 9 3 3 -1.</_><_>38 9 1 3 3.</_></rects><tilted>0</tilted></feature><threshold>8.3705E-04</threshold><left_val>-6.4887E-01</left_val><right_val>7.8538E-01</right_val></_></_></trees><stage_threshold>-1.0619E+00</stage_threshold><parent>11</parent><next>-1</next></_><_><trees><_><_><feature><rects><_>54 0 10 6 -1.</_><_>54 0 5 3 2.</_><_>59 3 5 3 2.</_></rects><tilted>0</tilted></feature><threshold>-9.7557E-03</threshold><left_val>7.6982E-01</left_val><right_val>-8.5294E-01</right_val></_></_><_><_><feature><rects><_>47 0 6 11 -1.</_><_>49 0 2 11 3.</_></rects><tilted>0</tilted></feature><threshold>-8.6617E-03</threshold><left_val>8.4029E-01</left_val><right_val>-7.1950E-01</right_val></_></_><_><_><feature><rects><_>19 2 20 2 -1.</_><_>19 3 20 1 2.</_></rects><tilted>0</tilted></feature><threshold>1.6898E-02</threshold><left_val>-5.3602E-01</left_val><right_val>9.5484E-01</right_val></_></_><_><_><feature><rects><_>14 4 6 11 -1.</_><_>17 4 3 11 2.</_></rects><tilted>0</tilted></feature><threshold>4.7526E-05</threshold><left_val>-7.6413E-01</left_val><right_val>7.5399E-01</right_val></_></_><_><_><feature><rects><_>31 9 33 2 -1.</_><_>42 9 11 2 3.</_></rects><tilted>0</tilted></feature><threshold>6.5608E-03</threshold><left_val>-9.9346E-01</left_val><right_val>6.4864E-01</right_val></_></_></trees><stage_threshold>-7.3307E-01</stage_threshold><parent>12</parent><next>-1</next></_><_><trees><_><_><feature><rects><_>6 1 53 6 -1.</_><_>6 3 53 2 3.</_></rects><tilted>0</tilted></feature><threshold>1.0103E-01</threshold><left_val>-7.3276E-01</left_val><right_val>8.4620E-01</right_val></_></_><_><_><feature><rects><_>49 9 4 6 -1.</_><_>49 9 2 3 2.</_><_>51 12 2 3 2.</_></rects><tilted>0</tilted></feature><threshold>-2.8921E-04</threshold><left_val>7.1565E-01</left_val><right_val>-8.8222E-01</right_val></_></_><_><_><feature><rects><_>0 9 30 7 -1.</_><_>10 9 10 7 3.</_></rects><tilted>0</tilted></feature><threshold>1.0839E-02</threshold><left_val>-8.7420E-01</left_val><right_val>6.0649E-01</right_val></_></_><_><_><feature><rects><_>40 4 6 2 -1.</_><_>42 4 2 2 3.</_></rects><tilted>0</tilted></feature><threshold>5.0804E-04</threshold><left_val>-9.0554E-01</left_val><right_val>6.4214E-01</right_val></_></_><_><_><feature><rects><_>1 9 6 1 -1.</_><_>3 9 2 1 3.</_></rects><tilted>0</tilted></feature><threshold>2.3357E-03</threshold><left_val>-9.2575E-01</left_val><right_val>8.6385E-01</right_val></_></_><_><_><feature><rects><_>47 3 4 10 -1.</_><_>47 8 4 5 2.</_></rects><tilted>0</tilted></feature><threshold>8.0239E-05</threshold><left_val>-9.9618E-01</left_val><right_val>9.5355E-01</right_val></_></_><_><_><feature><rects><_>31 5 30 11 -1.</_><_>41 5 10 11 3.</_></rects><tilted>0</tilted></feature><threshold>3.2030E-03</threshold><left_val>-1.</left_val><right_val>1.0001E+00</right_val></_></_><_><_><feature><rects><_>0 0 2 1 -1.</_><_>1 0 1 1 2.</_></rects><tilted>0</tilted></feature><threshold>0.</threshold><left_val>0.</left_val><right_val>-1.</right_val></_></_><_><_><feature><rects><_>21 3 42 5 -1.</_><_>35 3 14 5 3.</_></rects><tilted>0</tilted></feature><threshold>2.6143E-03</threshold><left_val>-1.</left_val><right_val>1.0002E+00</right_val></_></_><_><_><feature><rects><_>0 0 2 1 -1.</_><_>1 0 1 1 2.</_></rects><tilted>0</tilted></feature><threshold>0.</threshold><left_val>0.</left_val><right_val>-1.</right_val></_></_><_><_><feature><rects><_>8 5 30 9 -1.</_><_>8 8 30 3 3.</_></rects><tilted>0</tilted></feature><threshold>-7.0476E-04</threshold><left_val>1.</left_val><right_val>-9.9977E-01</right_val></_></_><_><_><feature><rects><_>3 12 33 3 -1.</_><_>14 12 11 3 3.</_></rects><tilted>0</tilted></feature><threshold>2.1271E-03</threshold><left_val>-9.9695E-01</left_val><right_val>1.0003E+00</right_val></_></_><_><_><feature><rects><_>0 0 3 2 -1.</_><_>1 0 1 2 3.</_></rects><tilted>0</tilted></feature><threshold>-2.4224E-04</threshold><left_val>1.</left_val><right_val>-1.</right_val></_></_><_><_><feature><rects><_>46 4 3 8 -1.</_><_>47 4 1 8 3.</_></rects><tilted>0</tilted></feature><threshold>7.4700E-04</threshold><left_val>-9.9108E-01</left_val><right_val>9.9941E-01</right_val></_></_></trees><stage_threshold>-1.0992E+00</stage_threshold><parent>13</parent><next>-1</next></_><_><trees><_><_><feature><rects><_>1 2 6 5 -1.</_><_>3 2 2 5 3.</_></rects><tilted>0</tilted></feature><threshold>1.7228E-03</threshold><left_val>-9.3609E-01</left_val><right_val>8.7251E-01</right_val></_></_><_><_><feature><rects><_>0 3 18 5 -1.</_><_>6 3 6 5 3.</_></rects><tilted>0</tilted></feature><threshold>2.7599E-03</threshold><left_val>-9.9757E-01</left_val><right_val>1.0000E+00</right_val></_></_><_><_><feature><rects><_>3 1 6 14 -1.</_><_>6 1 3 14 2.</_></rects><tilted>0</tilted></feature><threshold>-8.9444E-05</threshold><left_val>1.</left_val><right_val>-9.9265E-01</right_val></_></_><_><_><feature><rects><_>3 6 2 10 -1.</_><_>3 11 2 5 2.</_></rects><tilted>0</tilted></feature><threshold>-2.7962E-04</threshold><left_val>8.2833E-01</left_val><right_val>-9.8444E-01</right_val></_></_><_><_><feature><rects><_>42 0 4 6 -1.</_><_>42 0 2 3 2.</_><_>44 3 2 3 2.</_></rects><tilted>0</tilted></feature><threshold>-2.7561E-05</threshold><left_val>1.</left_val><right_val>-9.9543E-01</right_val></_></_></trees><stage_threshold>-9.1315E-01</stage_threshold><parent>14</parent><next>-1</next></_></stages></haarcascade_pltzzz64x16_16STG></opencv_storage>